domain,linkbuilder,email/form,form,,,,,,,,
walletinvestor.com, Ilya, naomi@walletinvestor.com,,,,,,,,,
tradebrains.in, Ilya, advertise@tradebrains.in,,,,,,,,,
moviden.com, Ilya, movidenbusiness@gmail.com,,,,,,,,,
nairametrics.com, Ilya, ads@nairametrics.com,,,,,,,,,
taxguru.in, Ilya, info@taxguru.in,,,,,,,,,
tech.co, Ilya, press@tech.co,,,,,,,,,
venturebeat.com, Ilya, sales@venturebeat.com,,,,,,,,,
moneypantry.com, Ilya, satrap@moneypantry.com,,,,,,,,,
sharecast.com, Ilya, publicidad@vortexmedia.es,,,,,,,,,
nulltx.com, Ilya, contact@nulltx.com,,,,,,,,,
rajkotupdates.com, Ilya, ouritspace@gmail.com,,,,,,,,,
tradeflock.com, Ilya, info@tradeflock.com,,,,,,,,,
scientificasia.net, Ilya, info@scientificasia.net,,,,,,,,,
wisebusinessplans.com, Ilya, info@wisebusinessplans.com,,,,,,,,,
pagibigmp2calculator.net, Ilya, info@pagibigmp2calculator.com,,,,,,,,,
tutorstips.com, Ilya, help@tutorstips.com,,,,,,,,,
vlivetricks.com, Ilya, vijay.malviya8@gmail.com,,,,,,,,,
salaryslip.org, Ilya, iim.sudhanshu@gmail.com,,,,,,,,,
savedelete.com, Ilya, jaspal@savedelete.com,,,,,,,,,
venturz.co, Ilya, support@venturz.co,,,,,,,,,
theglobalhues.com, Ilya, info@theglobalhues.com,,,,,,,,,
nopassiveincome.com, Ilya, erik@nopassiveincome.com,,,,,,,,,
urbanasian.com, Ilya, pr@urbanasian.com,,,,,,,,,
spainenglish.com, Ilya, admin@spainenglish.com,,,,,,,,,
viraltrench.com, Ilya, viraltrenchadmn@gmail.com,,,,,,,,,
tubegalore.uk, Ilya, tubegaloretube@gmail.com,,,,,,,,,
mymoneychronicles.com, Ilya, Jason@MyMoneyChronicles.com,,,,,,,,,
moneyminiblog.com, Ilya, https://moneyminiblog.com/contact/,,,,,,,,,
techdemis.org, Ilya, fast4entry@gmail.com,,,,,,,,,
simslife.co.uk, Ilya, team@simslife.co.uk,,,,,,,,,
usethebitcoin.com, Ilya, https://usethebitcoin.com/crypto-advertising/,,,,,,,,,
realitypaper.com, Ilya, worldmusti@gmail.com,,,,,,,,,
theoliversmadhouse.co.uk, Ilya, jaime@theoliversmadhouse.co.uk,,,,,,,,,
osmosetech.com, Ilya, movementofinformation@gmail.com,,,,,,,,,
tfiglobalnews.com, Ilya, admin@tfimedia.in,,,,,,,,,
moneyexcel.com, Ilya, info@moneyexcel.com,,,,,,,,,
retireearlylifestyle.com, Ilya, TheGuide@RetireEarlyLifestyle.com,,,,,,,,,
thefanmanshow.com, Ilya, imranchandio@live.com,,,,,,,,,
wikifinancepedia.com, Ilya, wikifinancepedia@gmail.com,,,,,,,,,
timestabloid.com, Ilya, contact@timestabloid.com,,,,,,,,,
potentash.com, Ilya, https://potentash.com/contact-us/,,,,,,,,,
thebittimes.com, Ilya, thebittimes@thebitfinance.com,,,,,,,,,
jbhifi.com.au, Kiril, marketing@jbhifi.com.au,,,,,,,,,
drive.com.au, Kiril, askdrive@drive.com.au,,,,,,,,,
houzz.com.au, Kiril, ausupport@houzz.com,,,,,,,,,
fashionjournal.com.au, Kiril, advertise@fashionjournal.com.au,,,,,,,,,
thechronicle.com.au, Kiril, advertise@news.com.au,,,,,,,,,
au.rollingstone.com, Kiril, contact@vinyl.media,,,,,,,,,
freeadstime.org, Kiril, info@freeadstime.com,,,,,,,,,
theleader.com.au, Kiril, jen.barnett@austcommunitymedia.com.au,,,,,,,,,
bendigoadvertiser.com.au, Kiril, sales@bendigoadvertiser.com.au,,,,,,,,,
standard.net.au, Kiril, peter.shepherd@warrnamboolstandard.com.au,,,,,,,,,
centralwesterndaily.com.au, Kiril, lucy.vertes@austcommunitymedia.com.au,,,,,,,,,
westernadvocate.com.au, Kiril, sally.thomas@austcommunitymedia.com.au,,,,,,,,,
sunraysiadaily.com.au, Kiril, adbookings@sunraysiadaily.com.au,,,,,,,,,
thestar.com, Kiril, starad@thestar.ca,,,,,,,,,
todocanada.ca, Kiril, report@todocanada.ca,,,,,,,,,
fool.ca, Kiril, membersupport@fool.ca,,,,,,,,,
straight.com, Kiril, contact@straight.com,,,,,,,,,
leaderpost.com, Kiril, Form,,,,,,,,,
wealthprofessional.ca, Kiril, Form,,,,,,,,,
reddeeradvocate.com, Kiril, sales@reddeeradvocate.com,,,,,,,,,
dobberhockey.com, Kiril, fantasyhockeylife@gmail.com,,,,,,,,,
ticketgateway.com, Kiril, nardiemlinge@hotmail.com,,,,,,,,,
castanetkamloops.net, Kiril, news@castanet.net,,,,,,,,,
danslescoulisses.com, Kiril, info@danslescoulisses.com,,,,,,,,,
awinninghabit.com, Kiril, contact@fansided.com,,,,,,,,,
medicalnewstoday.com, Kiril, Form,,,,,,,,,
people.com, Kiril, advertise@dotdashmdp.com,,,,,,,,,
verywellhealth.com, Kiril, advertise@dotdashmdp.com,,,,,,,,,
gamerant.com, Kiril, advertising@valnetinc.com,,,,,,,,,
elle.com, Kiril, michelleluis@hearst.com,,,,,,,,,
today.com, Kiril, NBCNewsMediaRelations@nbcuni.com,,,,,,,,,
archive.org, Kiril, info@archive.org,,,,,,,,,
themoviedb.org, Kiril, Form,,,,,,,,,
thegamer.com, Kiril, advertising@valnetinc.com,,,,,,,,,
theknot.com, Kiril, partnerships@theknotww.com,,,,,,,,,
psychologytoday.com, Kiril, johnthomas@psychologytoday.com,,,,,,,,,
flickr.com, Kiril, Form,,,,,,,,,
techradar.com, Kiril, news@techradar.com,,,,,,,,,
womenshealthmag.com, Kiril, nberger@hearst.com,,,,,,,,,
harpersbazaar.com, Kiril, hdmadvertising@hearst.com,,,,,,,,,
tomsguide.com, Kiril, Form,,,,,,,,,
rollingstone.com, Kiril, concierge@rollingstonecouncil.com,,,,,,,,,
marthastewart.com, Kiril, advertise@dotdashmdp.com,,,,,,,,,
lifewire.com, Kiril, press@lifewire.com,,,,,,,,,
aljazeera.com, Kiril, Form,,,,,,,,,
gamesradar.com, Kiril, contactus@gamesradar.com,,,,,,,,,
wsj.com, Kiril, katie.weber@wsjbarrons.com,,,,,,,,,
architecturaldigest.com, Kiril, shelly_johnson@condenast.com,,,,,,,,,
makeuseof.com, Kiril, advertising@valnetinc.com,,,,,,,,,
convertflow.com, Kiril, Form,,,,,,,,,
treadmagazine.com, Kiril, advertise@engaged.media,,,,,,,,,
newsone.com, Kiril, bwright@ionedigital.com,,,,,,,,,
worldofwanderlust.com, Kiril, management@worldofwanderlust.com,,,,,,,,,
colourlovers.com, Kiril, Form,,,,,,,,,
suredividend.com, Kiril, support@suredividend.com,,,,,,,,,
thedailyjaws.com, Kiril, partners@thedailyjaws.com,,,,,,,,,
yanrefitness.com, Kiril, sales@yanrefitness.com,,,,,,,,,
careynieuwhof.com, Kiril, support@careynieuwhof.com,,,,,,,,,
nicereply.com, Kiril, contact@nicereply.com,,,,,,,,,
advpulse.com, Kiril, Form,,,,,,,,,
custify.com, Kiril, Form,,,,,,,,,
netflixjunkie.com, Kiril, contact@netflixjunkie.com,,,,,,,,,
wfxg.com, Kiril, enews@wfxg.com,,,,,,,,,
sahanjournal.com, Kiril, contact@sahanjournal.com,,,,,,,,,
heraldsun.com, Kiril, inbound@mcclatchy.com,,,,,,,,,
musketfire.com, Kiril, contact@fansided.com,,,,,,,,,
pantagraph.com, Kiril, classified@pantagraph.com,,,,,,,,,
personatalent.com, Kiril, Form,,,,,,,,,
ncte.org, Kiril, christina.kardon@wearemci.com,,,,,,,,,
basketballnews.com, Kiril, info@basketballnews.com,,,,,,,,,
wufoo.com, Kiril, Form,,,,,,,,,
findemr.com, Kiril, info@findemr.com,,,,,,,,,
azdailysun.com, Kiril, circulation@wickcommunications.com,,,,,,,,,
romaniatourism.com, Kiril, partner@romaniatourism.com,,,,,,,,,
travelmadmum.com, Kiril, karen@travelmadmum.com,,,,,,,,,
bloggingthebracket.com, Kiril, Form,,,,,,,,,
theworldtravelguy.com, Kiril, david@theworldtravelguy.com,,,,,,,,,
kpvi.com, Kiril, Form,,,,,,,,,
sheboyganpress.com, Kiril, agarner@gannett.com,,,,,,,,,
joujoutravels.com, Kiril, jackie@joujoutravels.com,,,,,,,,,
glockapps.com, Kiril, support@glock-apps.com,,,,,,,,,
ceastudyabroad.com, Kiril, info@ceacapa.com,,,,,,,,,
thetimesherald.com, Kiril, lshepard@gannett.com,,,,,,,,,
trentonian.com, Kiril, rcrowe@medianewsgroup.com,,,,,,,,,
hero-magazine.com, Kiril, hero@hero-magazine.com,,,,,,,,,
screenanarchy.com, Kiril, editors@screenanarchy.com,,,,,,,,,
geopoliticalmonitor.com, Kiril, info@geopoliticalmonitor.com,,,,,,,,,
front.com, Kiril, support@frontapp.com,,,,,,,,,
bucketlistbums.com, Kiril, contact@bucketlistbums.com,,,,,,,,,
dataconomy.com, Kiril, victoria.baron@dataconomy.com,,,,,,,,,
fordmodels.com, Kiril, ny@fordmodels.com,,,,,,,,,
pearllemon.com, Kiril, info@pearllemongroup.com,,,,,,,,,
helpware.com, Kiril, hello@helpware.com,,,,,,,,,
thegaypassport.com, Kiril, info@thegaypassport.com,,,,,,,,,
nextbigfuture.com, Kiril, brian@nextbigfuture.com,,,,,,,,,
contentwriters.com, Kiril, content@contentwriters.com,,,,,,,,,
missoulian.com, Kiril, advertising@missoulian.com,,,,,,,,,
elnacain.com, Kiril, Form,,,,,,,,,
visitsyv.com, Kiril, danielle@visitsyv.com,,,,,,,,,
techpacker.com, Kiril, info@techpacker.com,,,,,,,,,
canalstreetchronicles.com, Kiril, canalstreetchronicles@sbnation.com,,,,,,,,,
nchstats.com, Kiril, office@nchstats.com,,,,,,,,,
bismarcktribune.com, Kiril, custservice@bismarcktribune.com,,,,,,,,,
foreverblueshirts.com, Kiril, info@foreverblueshirts.com,,,,,,,,,
theprogressnews.com, Kiril, news@theprogressnews.com,,,,,,,,,
neoreach.com, Kiril, team@neoreach.com,,,,,,,,,
helenair.com, Kiril, custservice@helenair.com,,,,,,,,,
techslang.com, Kiril, hello@techslang.com,,,,,,,,,
weworewhat.com, Kiril, sales@shopweworewhat.com,,,,,,,,,
js13kgames.com, Kiril, contact@js13kgames.com,,,,,,,,,
vehicleaccidentinjury.com, Kiril, vehicleaccidentinjury@gmail.com,,,,,,,,,
nflspinzone.com, Kiril, contact@fansided.com,,,,,,,,,
augustafreepress.com, Kiril, advertising@augustafreepress.com,,,,,,,,,
thechalkboardmag.com, Kiril, chalkboardmag@owcmedia.com,,,,,,,,,
blackpressusa.com, Kiril, Form,,,,,,,,,
ecoportal.net, Kiril, comercial@ecoportal.net,,,,,,,,,
coloradohockeynow.com, Kiril, nationalhockeynow@gmail.com,,,,,,,,,
appointlet.com, Kiril, partnerships@appointlet.com,,,,,,,,,
invozone.com, Kiril, sales@invozone.com,,,,,,,,,
bigfightweekend.com, Kiril, mike@lwosinc.com,,,,,,,,,
paystubsnow.com, Kiril, support@paystubsnow.com,,,,,,,,,
journaltimes.com, Kiril, custservice@journaltimes.com,,,,,,,,,
rockymounttelegram.com, Kiril, bwilson@apgenc.com,,,,,,,,,
fredericksburg.com, Kiril, custservice@fredericksburg.com,,,,,,,,,
radancy.com, Kiril, Elan.Masliyah@radancy.com,,,,,,,,,
hrkgame.com, Kiril, info@hrkgame.com,,,,,,,,,
reviewgrower.com, Kiril, info@reviewgrower.com,,,,,,,,,
whitelabelfox.com, Kiril, sales@whitelabelfox.com,,,,,,,,,
articlereword.com, Kiril, Contact@articlereword.com ,,,,,,,,,
advancedcustomfields.com, Kiril, Form,,,,,,,,,
arcadepunks.com, Kiril, Form,,,,,,,,,
thespread.com, Kiril, Form,,,,,,,,,
fintech.com, Kiril, sales@fintech.com,,,,,,,,,
bighugelabs.com, Kiril, support@bighugelabs.com,,,,,,,,,
totalpackers.com, Kiril, Form,,,,,,,,,
app.box.com, Kiril, Form,,,,,,,,,
globalpublicist24.com, Kiril, sales@globalpublicist24.com,,,,,,,,,
techdeck.com, Kiril, mediarelations@spinmaster.com,,,,,,,,,
indonewyork.com, Kiril, info@indonewyork.com,,,,,,,,,
getpocket.com, Kiril, Form,,,,,,,,,
theunsentproject.com, Kiril, info@theunsentproject.com,,,,,,,,,
wrestlingattitude.com, Kiril, 1badrose@gmail.com,,,,,,,,,
transformingsociety.co.uk, Kiril, info@transformingsociety.co.uk,,,,,,,,,
octagon.com, Kiril, newbusiness@octagon.com,,,,,,,,,
clickz.com, Kiril, editorial@contentive.com,,,,,,,,,
hanson.net, Kiril, Form,,,,,,,,,
ezoic.com, Kiril, Form,,,,,,,,,
flipboard.com, Kiril, blogs@about.flipboard.com,,,,,,,,,
netizenbuzz.blogspot.com, Kiril, contact@netizenbuzz.net,,,,,,,,,
mydearquotes.com, Kiril, marketing@mydearquotes.com,,,,,,,,,
southernmarylandchronicle.com, Vasiliy," ""News@southernmarylandchronicle.com", Support@southernmarylandchronicle.com, Tips@southernmarylandchronicle.com, Advertising@southernmarylandchronicle.com," davidhiggins@southernmarylandchronicle.com"""," """"",,,,
business.maryland.gov, Vasiliy," ""communications@choosemaryland.org"""," """"",,,,,,,,
thebaynet.com, Vasiliy," ""news@thebaynet.com"," partnerships@thebaynet.com"""," ""https://thebaynet.com/contact-us/""",,,,,,,
testudotimes.com, Vasiliy," ""advertising@voxmedia.com"""," """"",,,,,,,,
whatsupmag.com, Vasiliy," ""info@whatsupmag.com", araymond@whatsupmag.com, dmercer@whatsupmag.com, jhouck@whatsupmag.com, mkotelchuck@whatsupmag.com," veronica@whatsupmag.com"""," ""https://whatsupmag.com/advertise""",,,
thienel-law.com, Vasiliy," ""sthienel@thienel-law.com"""," """"",,,,,,,,
terrapinstationmd.com, Vasiliy," ""adops@fansided.com", contact@fansided.com," terpstationmd@fansided.com"""," """"",,,,,,
baltimoremagazine.com, Vasiliy," ""adinfo@baltimoremagazine.net", cs@baltimoremagazineservice.com," social@baltimoremagazine.net"""," """"",,,,,,
visitannapolis.org, Vasiliy," ""info@visitannapolis.org"""," """"",,,,,,,,
thebeautyblotter.com, Vasiliy," ""kirsten@thebeautyblotter.com"""," ""https://www.thebeautyblotter.com/contact/""",,,,,,,,
ococean.com, Vasiliy," ""ask@ococean.com"""," ""https://www.ococean.com/contact/""",,,,,,,,
baltimorefishbowl.com, Vasiliy," ""marcus@baltimorefishbowl.com", nicole@baltimorefishbowl.com, suzy@baltimorefishbowl.com, editor@baltimorefishbowl.com," maliwali@aol.com"""," """"",,,,
fox8.com, Vasiliy," ""tips@fox8.com"""," ""https://fox8.com/contact-us-2/""",,,,,,,,
eu.delmarvanow.com, Vasiliy," ""newshub@delmarvanow.com"""," """"",,,,,,,,
abc13.com, Vasiliy," ""kristin.m.anthony@abc.com", jamie.kopulos@abc.com," newstips@abc13.com"""," ""https://abc13.com/contactus/""",,,,,,
abc7news.com, Vasiliy," ""abc7news_ms@abclocal.go.com"," KGO-TV.Programming@abc.com"""," """"",,,,,,,
nottinghammd.com, Vasiliy," ""chris@nottinghammd.com"""," ""https://www.nottinghammd.com/contact-us/""",,,,,,,,
cnsmaryland.org, Vasiliy," ""wmkaiser@umd.edu", klbest@umd.edu, carrollj@umd.edu, cparson1@umd.edu, mhyman1@umd.edu, amarton@umd.edu, srdecker@umd.edu, mcoffee@umd.edu," audience@cnsmaryland.org"""," """""
wmdt.com, Vasiliy," ""Stephanie_Willey@wmdt.com", Gregory_LaFrance@wmdt.com, charles_roberts@wmdt.com, Stephanie_Willey@wmdt.com, Sheila_kinley@wmdt.com, Mike_lawrence@wmdt.com, Stephanie_Willey@wmdt.com," newsroom@wmdt.com"""," ""https://www.wmdt.com/about-us/contact-us/""",
usnews.com, Vasiliy," """""," ""https://www.usnews.com/info/features/contact""",,,,,,,,
baltimoretimes-online.com, Vasiliy," ""btimes@btimes.com"""," """"",,,,,,,,
bullis.org, Vasiliy," ""admission@bullis.org"," social_media@bullis.org"""," """"",,,,,,,
edweek.org, Vasiliy," """""," ""https://www.edweek.org/contact/""",,,,,,,,
umgc.edu, Vasiliy," ""studentsfirst@umgc.edu"""," """"",,,,,,,,
montgomerycollege.edu, Vasiliy," ""wdce@montgomerycollege.edu"," raptorcentral@montgomerycollege.edu"""," """"",,,,,,,
loyola.edu, Vasiliy," ""admission@loyola.edu", graduate@loyola.edu, alumni@loyola.edu, campusministry@loyola.edu, thecareercenter@loyola.edu, financialaid@loyola.edu," humanresources@loyola.edu"""," """"",,
sreb.org, Vasiliy," ""information@sreb.org"""," ""https://www.sreb.org/contact""",,,,,,,,
naacp.org, Vasiliy," ""hollywoodbureau@naacpnet.org", members@naacpnet.org, washingtonbureau@naacpnet.org, scholarships@naacpnet.org, development@naacpnet.org, communications@naacpnet.org," actso@naacpnet.org"""," """"",,
mddems.org, Vasiliy," ""info@mddems.org"," media@mddems.org"""," """"",,,,,,,
aclu-md.org, Vasiliy," ""aclu@aclu-md.org"""," """"",,,,,,,,
247sports.com, Vasiliy," ""info@247Sports.com"""," """"",,,,,,,,
foxbaltimore.com, Vasiliy," ""news@foxbaltimore.com", mediainquiries@sbgtv.com," mcdiehlmann@sbgtv.com"""," """"",,,,,,
umterps.com, Vasiliy," """""," ""https://umterps.com/sb_output.aspx?form=1013""",,,,,,,,
msac.org, Vasiliy," ""msac.commerce@maryland.gov"""," """"",,,,,,,,
artsforlearningmd.org, Vasiliy," ""info@artsforlearningmd.org", sala@artsforlearningmd.org," poaccount@artsforlearningmd.org"""," ""https://www.artsforlearningmd.org/contact/""",,,,,,
artwithaheart.net, Vasiliy," ""info@artwithaheart.net"""," """"",,,,,,,,
wcmfa.org, Vasiliy," ""info@wcmfa.org"""," ""https://wcmfa.org/contact-us/""",,,,,,,,
chesapeakearts.org, Vasiliy," ""info@chesapeakearts.org"""," """"",,,,,,,,
marylandgrows.umd.edu, Vasiliy," """""," ""https://marylandgrows.umd.edu/contact/""",,,,,,,,
gardengoodsdirect.com, Vasiliy," ""custserv@gardengoodsdirect.com"""," ""https://support.gardengoodsdirect.com/hc/en-us/requests/new?_gl=1*hoqb9f*_ga*OTg2NzAzNTk3LjE3NDc4NDgxMTE.*_ga_KGJZ51EKFD*czE3NDc4NDgxMTAkbzEkZzAkdDE3NDc4NDgxMTAkajAkbDAkaDA.*_gcl_au*Mjc5MDIzODk5LjE3NDc4NDgxMTE.*_ga_FHNXGT6VEJ*czE3NDc4NDgxMTEkbzEkZzAkdDE3NDc4NDgxMTgkajUzJGwwJGgzMzc5OTYyMTkkZFpYNHJDSE11WEpacXVVSXlDRzNuakpjM2d3My1la2o3RkE.""",,,,,,,,
homesteadgardens.com, Vasiliy," ""info@homesteadgardens.com"""," ""https://homesteadgardens.com/contact-homestead-gardens/""",,,,,,,,
laurensgardenservice.com, Vasiliy," ""laurensgardens@gmail.com", cultivategardenandgoods@gmail.com," nursery@laurensgardenservice.com"""," """"",,,,,,
greenstreetgardens.com, Vasiliy," ""inthedirt@greenstreetgardens.com"""," """"",,,,,,,,
chesapeakefamily.com, Vasiliy," ""cburke@midatlanticmedia.com", jmann@midatlanticmedia.com, lvanasdalan@midatlanticmedia.com, accounting@midatlanticmedia.com, advertising@chesapeakefamily.com," editor@chesapeakefamily.com"""," """"",,,
beyondbehnkes.com, Vasiliy," """""," ""https://beyondbehnkes.com/contact/""",,,,,,,,
directnativeplants.com, Vasiliy," ""info@directnativeplants.com"""," ""https://directnativeplants.com/contact/""",,,,,,,,
shorehomeandgarden.com, Vasiliy," ""sheila@shorehomeandgarden.com"," Haley@shorehomeandgarden.com"""," ""https://shorehomeandgarden.com/advertising/""",,,,,,,
marketprohomebuyers.com, Vasiliy," ""info@marketprohomes.com"""," """"",,,,,,,,
thedailyrecord.com, Vasiliy," ""info@thedailyrecord.com", support@bridgetowerservice.com, tbaden@thedailyrecord.com, pbrannan@thedailyrecord.com, bcompere@bridgetowermedia.com, sloane@sloanebrown.com," shuettner@thedailyrecord.com"""," """"",,
beachlifeoceancity.com, Vasiliy," ""mitchell@mitchelldavid.com"""," ""https://www.beachlifeoceancity.com""",,,,,,,,
exploremdhomes.com, Vasiliy," ""billy@southsideteam.com"""," ""https://www.exploremdhomes.com/contact/""",,,,,,,,
railey.com, Vasiliy," ""info@railey.com"""," ""https://www.railey.com/contact-us/""",,,,,,,,
marylandrealestateadvantage.com, Vasiliy," ""bobandronna@bobandronna.com"""," ""https://www.marylandrealestateadvantage.com/about/contact/""",,,,,,,,
annapolisdigs.com, Vasiliy," ""info@caprikarealty.com"""," ""https://www.annapolisdigs.com""",,,,,,,,
thewhomegroup.com, Vasiliy," ""admin@theWhomegroup.com"""," ""https://www.thewhomegroup.com/contact-us/""",,,,,,,,
oceancity.com, Vasiliy," ""amh@maryland.com"""," """"",,,,,,,,
savoryexperiments.com, Vasiliy," ""Jessica@savoryexperiments.com"""," """"",,,,,,,,
jz-eats.com, Vasiliy," ""jordan@jz-eats.com"""," """"",,,,,,,,
savalfoods.com, Vasiliy," ""info@savalfoods.com"""," ""https://www.savalfoods.com/contact""",,,,,,,,
visitmontgomery.com, Vasiliy," ""marketing@visitmontgomery.com"," info@visitmontgomery.com"""," """"",,,,,,,
visithowardcounty.com, Vasiliy," ""Info@howardcountytourism.com"""," """"",,,,,,,,
jmoreliving.com, Vasiliy," ""info@jmoreliving.com"""," ""https://jmoreliving.com/advertise/""",,,,,,,,
mdfoodbank.org, Vasiliy," ""cwoodward-magrane@mdfoodbank.org"," marketing@mdfoodbank.org"""," ""https://mdfoodbank.org/about/contact-us/""",,,,,,,
musictherapy.org, Vasiliy," ""info@musictherapy.org"""," """"",,,,,,,,
wbjc.com, Vasiliy," ""membership@wbjc.com", Listenerschoice@wbjc.com, wbjc_programming@wbjc.com, rmiles@bccc.edu," dross@bccc.edu"""," """"",,,,
wtmd.org, Vasiliy," ""mamoss@wtmd.org"," info@wtmd.org"""," """"",,,,,,,
stagesmusicarts.com, Vasiliy," ""info@stagesmusicarts.com"""," """"",,,,,,,,
youngartistsamerica.org, Vasiliy," ""info@yaa.org"""," ""https://www.youngartistsamerica.org""",,,,,,,,
music.umbc.edu, Vasiliy," ""covid19@umbc.edu"""," """"",,,,,,,,
marylandsymphony.org, Vasiliy," ""info@marylandsymphony.org", tickets@marylandsymphony.org, education@marylandsymphony.org," giving@marylandsymphony.org"""," """"",,,,,
sloanschoolofmusic.com, Vasiliy," ""info@sloanschoolofmusic.com"," hagerstown@sloanschoolofmusic.com"""," ""https://sloanschoolofmusic.com/contact/""",,,,,,,
artandtheology.org, Vasiliy," ""victoria.emily.jones@gmail.com"""," """"",,,,,,,,
forcey.org, Vasiliy," ""forcey-office@forcey.org"""," """"",,,,,,,,
soundcloud.com, Vasiliy," """""," ""https://advertising.soundcloud.com""",,,,,,,,
marylandinjurylawcenter.com, Vasiliy," """""," ""https://www.marylandinjurylawcenter.com/contact-us""",,,,,,,,
msevanslaw.com, Vasiliy," ""info@msevanslaw.com"," Mevans@msevanslaw.com"""," ""https://www.msevanslaw.com/contact-us/""",,,,,,,
marylandlawhelp.com, Vasiliy," """""," ""https://www.marylandlawhelp.com/contact/""",,,,,,,,
ricelawmd.com, Vasiliy," ""info@ricelawmd.com"""," ""https://ricelawmd.com/contact/""",,,,,,,,
shellyingramlaw.com, Vasiliy," ""info@shellyingramlaw.com"""," ""https://www.shellyingramlaw.com/contact-us/""",,,,,,,,
spgasior.com, Vasiliy," ""info@spgasior.com"""," ""https://spgasior.com/contact-us/""",,,,,,,,
wgk-law.com, Vasiliy," """""," ""https://wgk-law.com/contact/""",,,,,,,,
sbwlaw.com, Vasiliy," ""attorneys@sbwlaw.com"""," """"",,,,,,,,
frizwoods.com, Vasiliy," ""office@frizwoods.com"""," ""https://frizwoods.com/contact-us""",,,,,,,,
maronicklaw.com, Vasiliy," ""tom@maronicklaw.com"""," ""https://www.maronicklaw.com/contact/""",,,,,,,,
law-help.com, Vasiliy," ""braddwin@cohendwin.com"""," """"",,,,,,,,
southernmarylandlaw.com, Vasiliy," ""questions@southernmarylandlaw.com"""," ""https://southernmarylandlaw.com/contact/""",,,,,,,,
zfamilylaw.com, Vasiliy," ""hello@zfamilylaw.com"""," ""https://www.zfamilylaw.com/contact""",,,,,,,,
marylandreporter.com, Vasiliy," ""sales@marylandreporter.com"""," """"",,,,,,,,
marylandmatters.org, Vasiliy," ""editor@marylandmatters.org"""," """"",,,,,,,,
smnewsnet.com, Vasiliy," ""news@smnewsnet.com"," sales@smnewsnet.com"""," """"",,,,,,,
wmar2news.com, Vasiliy," ""ben.lichtfuss@wmar.com"," storyideas@wmar.com"""," """"",,,,,,,
wbal.com, Vasiliy," ""news@wbal.com"""," ""https://www.wbal.com/contact""",,,,,,,,
washingtonpost.com, Vasiliy," ""matt.murray@washpost.com", liz.seymour@washpost.com, peter.spiegel@washpost.com, krissah.thompson@washpost.com, scott.vance@washpost.com, sommer.mathis@washpost.com, phoebe.connelly@washpost.com," monika.mathur@washpost.com"""," """"",
baytobaynews.com, Vasiliy," ""newsroom@iniusa.org", CivilTalk@iniusa.org, mdnews@iniusa.org, awest@iniusa.org, cbisson@iniusa.org, customerservice@iniusa.org," adsupport@iniusa.org"""," """"",,
crystalcarder.com, Vasiliy," ""crystalcarder1@gmail.com"""," """"",,,,,,,,
sunshinewhispers.com, Vasiliy," ""sunshinewhispers1@gmail.com"""," ""https://sunshinewhispers.com/contact/""",,,,,,,,
theshirleyjourney.com, Vasiliy," ""Christina@theshirleyjourney.com"""," """"",,,,,,,,
foodfunfamily.com, Vasiliy," ""foodfunfamilyblog@gmail.com"""," """"",,,,,,,,
journeyswithjenn.com, Vasiliy," ""jennifer@journeyswithjenn.com"""," """"",,,,,,,,
dcnewsnow.com, Vasiliy," ""dlombardo@DCNewsNow.com", ldemott@DCNewsNow.com, mbryant@DCNewsNow.com," news@dcnewsnow.com"""," """"",,,,,
cbsnews.com, Vasiliy," """""," ""https://www.paramount.com/about/businesses/advertising""",,,,,,,,
andalmanflynn.com, Vasiliy," ""info@andalmanflynn.com"""," ""https://andalmanflynn.com/contact-us/""",,,,,,,,
maryland-lawoffice.com, Vasiliy," ""info@maryland-lawoffice.com"""," ""https://maryland-lawoffice.com/contact-us/""",,,,,,,,
bwg-law.com, Vasiliy," ""shgroz@bwg-law.com"""," ""https://bwg-law.com/contact/""",,,,,,,,
modernfamilylawfirm.com, Vasiliy," ""info@modernfamilylawfirm.com"""," ""https://www.modernfamilylawfirm.com/contact-us/""",,,,,,,,
salvadolaw.com, Vasiliy," ""cjsalvado@salvadolaw.com"""," ""https://www.salvadolaw.com/contact""",,,,,,,,
therealnews.com, Vasiliy," ""contact@therealnews.com"""," """"",,,,,,,,
dailyvoice.com, Vasiliy," ""jobs@dailyvoice.com", press@dailyvoice.com," info@dailyvoice.com"""," """"",,,,,,
bizjournals.com, Vasiliy," ""audiencedevelopment@bizjournals.com"""," ""https://advertise.bizjournals.com/?ana=om_wb_dg_ftr""",,,,,,,,
wtop.com, Vasiliy," ""hello@wtop.com"," newsroom@wtop.com"""," ""https://wtop.com/contact-us/""",,,,,,,
caitkramer.com, Vasiliy," ""caity@caitkramer.com"""," ""https://www.caitkramer.com/contact-cait-kramer-photography""",,,,,,,,
baltimoreweds.com, Vasiliy," ""adinfo@baltimoremagazine.net", sponsorships@baltimoremagazine.net," weddings@baltimoremagazine.net"""," """"",,,,,,
